EIC,Area Display Name
10Y1001A1001A016,"SCA|NIE
CTA|NIE
MBA|SEM(SONI)"
10Y1001A1001A39I,"SCA|EE
BZN|EE
CTA|EE
MBA|EE
Estonia (EE)"
10Y1001A1001A44P,"BZN|SE1
IPA|SE1
MBA|SE1
SCA|SE1"
10Y1001A1001A45N,"BZN|SE2
IPA|SE2
MBA|SE2
SCA|SE2"
10Y1001A1001A46L,"BZN|SE3
IPA|SE3
MBA|SE3
SCA|SE3"
10Y1001A1001A47J,"BZN|SE4
IPA|SE4
MBA|SE4
SCA|SE4"
10Y1001A1001A48H,"BZN|NO5
IBA|NO5
IPA|NO5
MBA|NO5
SCA|NO5"
10Y1001A1001A49F,"SCA|RU
BZN|RU
CTA|RU
MBA|RU"
10Y1001A1001A50U,"BZN|RU-KGD
CTA|RU-KGD
MBA|RU-KGD
SCA|RU-KGD"
10Y1001A1001A51S,"BZN|BY
CTA|BY
MBA|BY
SCA|BY"
10Y1001A1001A59C,"SCA|IE(SEM)
LFB|IE-NIE
BZN|IE(SEM)
MBA|IE(SEM)
SNA|Ireland"
10Y1001A1001A63L,BZN|DE-AT-LU
10Y1001A1001A64J,BZN|NO1A
10Y1001A1001A65H,Denmark (DK)
10Y1001A1001A66F,BZN|IT-GR
10Y1001A1001A67D,BZN|IT-North-SI
10Y1001A1001A68B,BZN|IT-North-CH
10Y1001A1001A699,"BZN|IT-Brindisi
MBA|IT-Z-Brindisi
SCA|IT-Brindisi"
10Y1001A1001A70O,"BZN|IT-Centre-North
MBA|IT-Z-Centre-North
SCA|IT-Centre-North"
10Y1001A1001A71M,"BZN|IT-Centre-South
MBA|IT-Z-Centre-South
SCA|IT-Centre-South"
10Y1001A1001A72K,"BZN|IT-Foggia
MBA|IT-Z-Foggia
SCA|IT-Foggia"
10Y1001A1001A73I,"BZN|IT-North
MBA|IT-Z-North
SCA|IT-North"
10Y1001A1001A74G,"BZN|IT-Sardinia
MBA|IT-Z-Sardinia
SCA|IT-Sardinia"
10Y1001A1001A75E,"BZN|IT-Sicily
MBA|IT-Z-Sicily
SCA|IT-Sicily"
10Y1001A1001A76C,"BZN|IT-Priolo
MBA|IT-Z-Priolo
SCA|IT-Priolo"
10Y1001A1001A77A,"BZN|IT-Rossano
MBA|IT-Z-Rossano
SCA|IT-Rossano"
10Y1001A1001A788,"BZN|IT-South
MBA|IT-Z-South
SCA|IT-South"
10Y1001A1001A796,CTA|DK
10Y1001A1001A80L,BZN|IT-North-AT
10Y1001A1001A81J,BZN|IT-North-FR
10Y1001A1001A82H,"BZN|DE-LU
IPA|DE-LU
MBA|DE-LU
SCA|DE-LU"
10Y1001A1001A83F,"IPA|DE
Germany (DE)"
10Y1001A1001A84D,"MBA|IT-MACRZONENORTH
SCA|IT-MACRZONENORTH"
10Y1001A1001A85B,"MBA|IT-MACRZONESOUTH
SCA|IT-MACRZONESOUTH"
10Y1001A1001A869,"SCA|UA-DobTPP
BZN|UA-DobTPP
CTA|UA-DobTPP"
10Y1001A1001A877,BZN|IT-Malta
10Y1001A1001A885,BZN|IT-SACOAC
10Y1001A1001A893,"SCA|IT-SACODC
BZN|IT-SACODC"
10Y1001A1001A91G,"SNA|Nordic
LFB|Nordic
REG|Nordic"
10Y1001A1001A92E,United Kingdom (UK)
10Y1001A1001A93C,"Malta (MT)
BZN|MT
CTA|MT
MBA|MT
SCA|MT"
10Y1001A1001A990,"BZN|MD
CTA|MD
LFA|MD
MBA|MD
SCA|MD
Moldova (MD)"
10Y1001A1001B004,"BZN|AM
CTA|AM
Armenia (AM)"
10Y1001A1001B012,"Georgia (GE)
BZN|GE
CTA|GE
MBA|GE
SCA|GE"
10Y1001A1001B05V,"BZN|AZ
CTA|AZ
Azerbaijan (AZ)"
10Y1001C--00002H,"LFA|DE(Amprion)-LU
SCA|DE(Amprion)-LU"
10Y1001C--00003F,"BZN|UA
LFB|UA
MBA|UA
SCA|UA
Ukraine (UA)"
10Y1001C--000182,"CTA|UA-IPS
BZN|UA-IPS
LFA|UA-IPS
MBA|UA-IPS
SCA|UA-IPS"
10Y1001C--00031A,REG|WE_REGION
10Y1001C--00038X,BZA|CZ-DE-SK-LT-SE4
10Y1001C--00059P,REG|CORE
10Y1001C--00085O,"SCA|MFRR
REG|MFRR_REGION"
10Y1001C--00090V,"SCA|AFRR
REG|AFRR"
10Y1001C--00095L,REG|SWE
10Y1001C--00096J,"BZN|IT-Calabria
SCA|IT-Calabria
MBA|IT-Z-Calabria"
10Y1001C--00098F,BZN|GB(IFA)
10Y1001C--00100H,"Kosovo (XK)
BZN|XK
CTA|XK
LFA|XK
LFB|XK
MBA|XK"
10Y1001C--00119X,SCA|IN
10Y1001C--001219,BZN|NO2A
10Y1001C--00137V,REG|ITALYNORTH
10Y1001C--00138T,REG|GRIT
10YAL-KESH-----5,"LFA|AL
LFB|AL
SCA|AL
Albania (AL)
BZN|AL
CTA|AL
MBA|AL"
10YAT-APG------L,"BZN|AT
CTA|AT
MBA|AT
IPA|AT
LFA|AT
LFB|AT
SCA|AT
Austria (AT)"
10YBA-JPCC-----D,"LFA|BA
SCA|BA
Bosnia and Herz. (BA)
BZN|BA
CTA|BA
MBA|BA"
10YBE----------2,"LFA|BE
LFB|BE
SCA|BE
Belgium (BE)
BZN|BE
CTA|BE
MBA|BE"
10YCA-BULGARIA-R,"LFA|BG
LFB|BG
SCA|BG
Bulgaria (BG)
BZN|BG
CTA|BG
MBA|BG"
10YCB-GERMANY--8,"LFB|DE_DK1_LU
SCA|DE_DK1_LU"
10YCB-JIEL-----9,LFB|RS_MK_ME
10YCB-POLAND---Z,LFB|PL
10YCB-SI-HR-BA-3,LFB|SI_HR_BA
10YCH-SWISSGRIDZ,"LFA|CH
LFB|CH
SCA|CH
BZN|CH
CTA|CH
MBA|CH
Switzerland (CH)"
10YCS-CG-TSO---S,"BZN|ME
CTA|ME
MBA|ME
LFA|ME
SCA|ME
Montenegro (ME)"
10YCS-SERBIATSOV,"BZN|RS
CTA|RS
MBA|RS
LFA|RS
SCA|RS
Serbia (RS)"
10YCY-1001A0003J,"SCA|CY
Cyprus (CY)
BZN|CY
CTA|CY
MBA|CY"
10YCZ-CEPS-----N,"BZN|CZ
CTA|CZ
MBA|CZ
LFA|CZ
LFB|CZ
SCA|CZ
Czech Republic (CZ)"
10YDE-ENBW-----N,"LFA|DE(TransnetBW)
SCA|DE(TransnetBW)
CTA|DE(TransnetBW)"
10YDE-EON------1,"LFA|DE(TenneT GER)
SCA|DE(TenneT GER)
CTA|DE(TenneT GER)"
10YDE-RWENET---I,"CTA|DE(Amprion)
LFA|DE(Amprion)
SCA|DE(Amprion)"
10YDE-VE-------2,"CTA|DE(50Hertz)
LFA|DE(50Hertz)
SCA|DE(50Hertz)
BZA|DE(50HzT)"
10YDK-1--------W,"BZN|DK1
IBA|DK1
IPA|DK1
LFA|DK1
MBA|DK1
SCA|DK1"
10YDK-1-------AA,BZN|DK1A
10YDK-2--------M,"BZN|DK2
IBA|DK2
IPA|DK2
LFA|DK2
MBA|DK2
SCA|DK2"
10YDOM-1001A082L,"BZA|PL-CZ
CTA|PL-CZ"
10YDOM-CZ-DE-SKK,"BZA|CZ-DE-SK
BZN|CZ+DE+SK"
10YDOM-PL-SE-LT2,BZA|LT-SE4
10YDOM-REGION-1V,REG|CWE
10YES-REE------0,"LFA|ES
SCA|ES
BZN|ES
CTA|ES
LFB|ES
MBA|ES
Spain (ES)"
10YEU-CONT-SYNC0,SNA|Continental Europe
10YFI-1--------U,"IBA|FI
IPA|FI
SCA|FI
BZN|FI
CTA|FI
MBA|FI
Finland (FI)"
10YFR-RTE------C,"LFA|FR
LFB|FR
SCA|FR
France (FR)
BZN|FR
CTA|FR
MBA|FR"
10YGB----------A,"SNA|GB
LFA|GB
LFB|GB
SCA|GB
BZN|GB
CTA|National Grid
MBA|GB"
10YGR-HTSO-----Y,"LFA|GR
LFB|GR
SCA|GR
Greece (GR)
BZN|GR
CTA|GR
MBA|GR"
10YHR-HEP------M,"Croatia (HR)
BZN|HR
CTA|HR
MBA|HR
LFA|HR
SCA|HR"
10YHU-MAVIR----U,"LFA|HU
LFB|HU
SCA|HU
Hungary (HU)
BZN|HU
CTA|HU
MBA|HU"
10YIE-1001A00010,"CTA|IE
MBA|SEM(EirGrid)
SCA|IE
Ireland (IE)"
10YIT-GRTN-----B,"LFA|IT
LFB|IT
MBA|IT
SCA|IT
Italy (IT)
CTA|IT"
10YLT-1001A0008Q,"BZN|LT
CTA|LT
MBA|LT
Lithuania (LT)
SCA|LT"
10YLU-CEGEDEL-NQ,"CTA|LU
Luxembourg (LU)"
10YLV-1001A00074,"BZN|LV
CTA|LV
MBA|LV
Latvia (LV)
SCA|LV"
10YMK-MEPSO----8,"BZN|MK
CTA|MK
MBA|MK
LFA|MK
SCA|MK
North Macedonia (MK)"
10YNL----------L,"Netherlands (NL)
LFA|NL
LFB|NL
SCA|NL
BZN|NL
CTA|NL
MBA|NL"
10YNO-0--------C,"SCA|NO
Norway (NO)
MBA|NO
CTA|NO"
10YNO-1--------2,"BZN|NO1
IBA|NO1
IPA|NO1
MBA|NO1
SCA|NO1"
10YNO-2--------T,"BZN|NO2
IBA|NO2
IPA|NO2
MBA|NO2
SCA|NO2"
10YNO-3--------J,"BZN|NO3
IBA|NO3
IPA|NO3
MBA|NO3
SCA|NO3"
10YNO-4--------9,"BZN|NO4
IBA|NO4
IPA|NO4
MBA|NO4
SCA|NO4"
10YPL-AREA-----S,"LFA|PL
SCA|PL
Poland (PL)
BZN|PL
BZA|PL
CTA|PL
MBA|PL"
10YPT-REN------W,"Portugal (PT)
LFA|PT
LFB|PT
SCA|PT
BZN|PT
CTA|PT
MBA|PT"
10YRO-TEL------P,"LFA|RO
LFB|RO
SCA|RO
Romania (RO)
BZN|RO
CTA|RO
MBA|RO"
10YSE-1--------K,"SCA|SE
CTA|SE
Sweden (SE)
MBA|SE"
10YSI-ELES-----O,"BZN|SI
CTA|SI
MBA|SI
LFA|SI
SCA|SI
Slovenia (SI)"
10YSK-SEPS-----K,"BZN|SK
CTA|SK
MBA|SK
LFA|SK
LFB|SK
SCA|SK
Slovakia (SK)"
10YTR-TEIAS----W,"LFA|TR
LFB|TR
SCA|TR
Turkey (TR)
BZN|TR
CTA|TR
MBA|TR"
10YUA-WEPS-----0,"BZN|UA-BEI
CTA|UA-BEI
LFA|UA-BEI
LFB|UA-BEI
MBA|UA-BEI
SCA|UA-BEI"
11Y0-0000-0265-K,BZN|GB(ElecLink)
17Y0000009369493,BZN|GB(IFA2)
46Y000000000007M,BZN|DK1-NO1
50Y0JVU59B4JWQCU,BZN|NO2NSL
BY,Belarus (BY)
IS,Iceland (IS)
RU,Russia (RU)
